Month,Day,Year,AAL,ACB,AMD,BA,GD,GOOG,LMT,MU,NOC,NRT,RTN,USO,ZN,^GSPC
1.0,10.0,2018.0,53.779999,10.64,11.96,320.26001,204.75,1102.609985,331.049988,43.310001,307.609985,8.66,193.479996,12.68,2.26,2748.22998
1.0,11.0,2018.0,56.419998,9.75,12.14,328.119995,205.509995,1105.52002,331.130005,42.82,309.549988,8.9,193.350006,12.7,2.29,2767.560059
1.0,12.0,2018.0,58.470001,8.3,12.02,336.209991,210.589996,1122.26001,336.25,42.810001,315.149994,9.03,197.460007,12.87,2.3,2786.23999
1.0,16.0,2018.0,57.98,9.62,11.91,335.160004,206.330002,1121.76001,330.109985,42.919998,312.540009,8.91,195.729996,12.76,2.2,2776.419922
1.0,17.0,2018.0,58.16,9.92,12.18,351.01001,208.520004,1131.97998,334.859985,44.259997999999996,317.51001,8.91,196.990005,12.78,2.15,2802.560059
1.0,18.0,2018.0,58.34,10.468,12.47,340.160004,207.800003,1129.790039,333.0,43.990002000000004,314.299988,8.87,195.710007,12.76,2.17,2798.030029
1.0,19.0,2018.0,58.060001,10.77,12.59,337.730011,209.100006,1137.51001,332.0,42.75,316.369995,8.93,196.679993,12.72,2.21,2810.300049
1.0,22.0,2018.0,58.099998,11.65,12.65,338.0,208.199997,1155.810059,329.0,42.880001,315.140015,8.89,196.369995,12.78,2.18,2832.969971
1.0,23.0,2018.0,58.290001,11.939,12.94,335.589996,207.479996,1169.969971,328.700012,43.950001,313.480011,8.84,196.229996,12.97,2.21,2839.1298829999996
1.0,24.0,2018.0,54.790001,11.351,12.71,334.690002,219.270004,1164.23999,330.48999,43.080002,313.459991,8.66,198.089996,13.22,2.17,2837.540039
1.0,25.0,2018.0,53.049999,10.64,12.41,343.109985,226.52999900000003,1170.369995,334.720001,43.009997999999996,325.0,8.57,202.839996,13.06,2.17,2839.25
1.0,26.0,2018.0,53.07,10.81,12.95,343.22000099999997,226.240005,1175.839966,344.899994,43.669998,335.559998,8.6,208.910004,13.24,2.28,2872.8701170000004
1.0,29.0,2018.0,52.68,10.49,13.32,340.820007,225.5,1175.579956,351.420013,43.290001000000004,338.339996,8.62,211.220001,13.11,2.22,2853.530029
1.0,30.0,2018.0,52.59,9.446,12.87,337.709991,224.27999900000003,1163.689941,350.390015,41.669998,339.459991,8.53,209.179993,12.9,2.14,2822.429932
1.0,31.0,2018.0,54.32,9.547,13.74,354.369995,222.479996,1169.939941,354.850006,43.720001,340.5299990000001,8.56,208.940002,12.98,2.11,2823.810059
2.0,1.0,2018.0,53.880001,8.35,13.25,356.940002,225.210007,1167.699951,357.380005,42.490002000000004,342.859985,8.6,210.850006,13.24,2.69,2821.97998
2.0,2.0,2018.0,52.099998,6.86,12.45,348.910004,221.720001,1111.900024,352.660004,40.82,336.790009,8.57,206.800003,13.04,2.51,2762.1298829999996
2.0,5.0,2018.0,49.759998,7.37,11.57,328.880005,211.220001,1055.800049,336.459991,39.400002,322.369995,8.0,198.360001,12.77,2.41,2648.939941
2.0,6.0,2018.0,51.18,9.22,11.65,340.910004,212.460007,1080.599976,337.589996,43.880001,327.5,8.16,201.130005,12.7,2.3,2695.139893
2.0,7.0,2018.0,51.400002,8.87,11.6,348.119995,214.949997,1048.579956,345.429993,42.009997999999996,337.660004,8.29,204.320007,12.37,2.3,2681.659912
2.0,8.0,2018.0,48.599998,8.84,11.22,329.660004,206.050003,1001.5200199999999,334.299988,40.0,324.01001,8.43,198.740005,12.09,2.24,2581.0
2.0,9.0,2018.0,48.360001,8.988999999999997,11.31,332.829987,212.100006,1037.780029,341.420013,40.41,332.690002,8.31,204.520004,11.86,2.27,2619.550049
2.0,12.0,2018.0,50.09,9.0,11.68,343.799988,209.529999,1051.939941,345.809998,42.189999,337.440002,8.24,207.520004,11.89,2.3,2656.0
2.0,13.0,2018.0,50.869999,8.85,11.78,343.160004,211.809998,1052.099976,350.230011,42.630001,343.359985,8.12,209.529999,11.87,4.3,2662.939941
2.0,14.0,2018.0,51.07,8.9,12.2,344.850006,218.25,1069.699951,354.660004,43.450001,349.619995,8.18,212.580002,12.18,4.35,2698.6298829999996
2.0,15.0,2018.0,51.669998,8.714,12.19,356.459991,225.399994,1089.52002,361.0,43.5,356.910004,8.09,218.179993,12.33,4.04,2731.199951
2.0,16.0,2018.0,51.580002,8.07,11.82,355.040009,224.190002,1094.800049,360.529999,44.209998999999996,356.0,8.3,217.729996,12.38,4.04,2732.219971
2.0,20.0,2018.0,51.720001,8.699,12.02,353.350006,221.830002,1102.459961,358.690002,44.900002,350.359985,8.25,216.539993,12.39,4.47,2716.26001
2.0,21.0,2018.0,52.779999,8.42,11.72,352.369995,220.75,1111.339966,357.059998,44.540001000000004,350.820007,8.2,215.800003,12.29,4.19,2701.330078
2.0,22.0,2018.0,52.98,8.46,11.84,355.920013,220.139999,1106.630005,355.410004,44.25,348.630005,8.0,215.360001,12.59,4.18,2703.959961
2.0,23.0,2018.0,53.389999,8.351,12.07,356.660004,221.0,1126.790039,358.690002,46.529999,351.51001,8.24,218.240005,12.77,4.28,2747.300049
2.0,26.0,2018.0,55.0,8.04,12.42,363.480011,226.77999900000003,1143.75,358.700012,47.98,355.089996,8.21,219.860001,12.86,4.37,2779.600098
2.0,27.0,2018.0,54.259998,7.75,12.53,364.640015,223.889999,1118.290039,358.170013,48.580002,353.660004,8.34,219.190002,12.65,4.08,2744.280029
2.0,28.0,2018.0,54.25,8.1,12.11,362.209991,222.449997,1104.72998,352.440002,48.810001,350.040009,8.25,217.50999500000003,12.37,4.06,2713.830078
3.0,1.0,2018.0,53.48,8.4,11.9,349.690002,219.149994,1069.52002,339.690002,47.619999,339.540009,8.17,211.360001,12.35,4.04,2677.669922
3.0,2.0,2018.0,53.18,8.23,11.81,344.670013,223.339996,1078.920044,341.720001,49.110001000000004,343.049988,8.38,214.77999900000003,12.37,4.2,2691.25
3.0,5.0,2018.0,53.189999,8.66,11.91,352.75,224.639999,1090.930054,342.359985,52.029999,344.790009,8.45,215.0,12.59,4.17,2720.939941
3.0,6.0,2018.0,53.57,9.13,11.76,348.920013,224.809998,1095.060059,339.5,53.740002000000004,341.869995,8.52,213.240005,12.57,4.17,2728.1201170000004
3.0,7.0,2018.0,54.110001,8.72,12.24,347.040009,226.27999900000003,1109.640015,342.200012,53.970001,346.820007,8.52,214.360001,12.35,4.43,2726.800049
3.0,8.0,2018.0,54.790001,8.69,11.97,348.730011,226.649994,1126.0,341.7799990000001,55.220001,346.359985,8.5,214.089996,12.15,4.65,2738.969971
3.0,9.0,2018.0,56.07,8.85,11.7,354.519989,229.949997,1160.040039,340.48999,54.59,349.640015,8.62,214.809998,12.47,4.68,2786.570068
3.0,12.0,2018.0,56.5,9.08,11.52,344.190002,224.639999,1164.5,333.100006,59.369999,344.720001,8.66,210.039993,12.37,4.65,2783.02002
3.0,13.0,2018.0,56.23,8.81,11.64,338.670013,223.350006,1138.170044,333.459991,59.43,344.329987,8.4,210.619995,12.24,4.38,2765.310059
3.0,14.0,2018.0,55.279999,8.73,11.36,330.26001,221.690002,1149.48999,331.679993,59.779999,340.100006,8.42,208.309998,12.28,4.56,2749.47998
3.0,15.0,2018.0,55.169998,8.62,11.46,329.980011,222.600006,1149.579956,333.230011,58.84,340.820007,8.35,208.580002,12.34,4.87,2747.330078
3.0,16.0,2018.0,55.400002,8.29,11.47,330.47000099999997,222.740005,1135.72998,331.399994,60.580002,338.630005,8.4,210.080002,12.55,5.05,2752.01001
3.0,19.0,2018.0,54.619999,8.28,11.43,331.76001,223.899994,1099.819946,335.25,60.139998999999996,344.929993,8.43,210.75,12.55,5.17,2712.919922
3.0,20.0,2018.0,55.32,7.89,11.11,337.630005,225.380005,1097.709961,335.600006,61.150002,347.579987,8.54,213.050003,12.81,5.21,2716.939941
3.0,21.0,2018.0,54.09,7.819,11.26,337.100006,223.75,1090.880005,335.470001,61.07,347.220001,8.49,213.479996,13.18,5.53,2711.929932
3.0,22.0,2018.0,52.310001,7.47,10.91,319.609985,218.369995,1049.079956,327.149994,58.919998,338.829987,8.41,209.110001,12.95,5.18,2643.689941
3.0,23.0,2018.0,51.009998,7.869,10.63,321.0,218.809998,1021.570007,336.309998,54.209998999999996,345.769989,8.39,214.570007,13.28,5.22,2588.26001
3.0,26.0,2018.0,51.860001,7.701,10.44,328.97000099999997,223.470001,1053.209961,343.929993,55.560001,355.230011,8.31,218.729996,13.21,5.35,2658.550049
3.0,27.0,2018.0,50.900002,7.397,10.0,321.119995,221.070007,1005.099976,338.850006,52.400002,349.290009,8.22,215.110001,13.08,4.69,2612.6201170000004
3.0,28.0,2018.0,50.849998,7.0,9.81,320.019989,217.27999900000003,1004.5599980000001,335.329987,51.490002000000004,344.709991,8.3,211.059998,13.04,3.96,2605.0
3.0,29.0,2018.0,51.959999,7.27,10.05,327.880005,220.899994,1031.790039,337.929993,52.139998999999996,349.119995,8.28,215.820007,13.09,4.76,2640.8701170000004
4.0,2.0,2018.0,49.779999,6.85,9.53,322.440002,218.880005,1006.4699710000001,333.0,50.060001,345.519989,8.59,211.970001,12.74,4.39,2581.8798829999996
4.0,3.0,2018.0,51.470001,6.27,9.55,330.820007,220.320007,1013.409973,334.709991,51.549999,346.040009,8.49,214.050003,12.81,4.62,2614.449951
4.0,4.0,2018.0,52.040001,6.0,9.77,327.440002,218.539993,1025.140015,341.790009,53.389998999999996,353.440002,8.49,217.0,12.82,4.5,2644.689941
4.0,5.0,2018.0,52.139999,6.647,10.02,336.399994,221.220001,1027.810059,346.649994,49.84,360.02999900000015,8.33,219.389999,12.83,4.35,2662.840088
4.0,6.0,2018.0,50.290001,6.323,9.61,326.119995,215.740005,1007.0399779999999,334.660004,48.459998999999996,351.720001,8.1,215.910004,12.51,4.41,2604.469971
4.0,9.0,2018.0,49.82,5.824,9.53,322.480011,214.960007,1015.4500119999999,335.910004,47.959998999999996,347.589996,8.48,217.220001,12.77,4.34,2613.159912
4.0,10.0,2018.0,47.459999,6.23,9.98,334.829987,214.449997,1031.640015,339.359985,50.48,346.73999,8.42,218.110001,13.25,4.54,2656.8701170000004
4.0,11.0,2018.0,45.400002,6.33,9.82,327.359985,216.320007,1019.9699710000001,339.440002,50.48,346.649994,8.55,218.389999,13.45,4.87,2642.189941
4.0,12.0,2018.0,46.57,6.39,10.08,337.480011,218.220001,1032.51001,342.880005,52.59,352.049988,8.49,220.940002,13.52,4.58,2663.98999
4.0,13.0,2018.0,45.869999,6.91,9.93,329.2799990000001,218.410004,1029.27002,342.600006,52.23,350.600006,8.6,222.00999500000003,13.55,4.59,2656.300049
4.0,16.0,2018.0,46.400002,7.107,10.09,331.769989,218.399994,1037.97998,345.700012,51.650002,351.75,8.48,225.089996,13.38,4.37,2677.840088
4.0,17.0,2018.0,45.75,6.76,10.52,336.72000099999997,221.410004,1074.160034,349.140015,52.259997999999996,355.040009,8.75,227.110001,13.41,4.29,2706.389893
4.0,18.0,2018.0,47.759998,6.85,10.36,341.0,225.490005,1072.079956,351.149994,54.009997999999996,357.700012,8.93,227.059998,13.88,4.32,2708.639893
4.0,19.0,2018.0,46.880001,6.89,10.11,340.640015,224.979996,1087.699951,353.380005,51.419998,358.019989,8.87,228.059998,13.77,4.29,2693.1298829999996
4.0,20.0,2018.0,46.779999,6.75,9.99,338.670013,223.110001,1072.959961,351.98999,50.619999,355.920013,8.5,227.350006,13.75,4.24,2670.139893
4.0,23.0,2018.0,46.68,6.24,10.04,338.839996,225.960007,1067.449951,358.600006,49.02,356.119995,8.67,228.130005,13.92,4.04,2670.290039
4.0,24.0,2018.0,45.689999,6.45,10.09,329.059998,222.020004,1019.9799800000001,336.48999,47.110001000000004,341.519989,8.53,218.800003,13.68,4.07,2634.560059
4.0,25.0,2018.0,45.25,6.06,9.71,342.859985,214.52999900000003,1021.179993,329.5,47.599998,332.619995,8.75,213.690002,13.72,4.19,2639.399902
4.0,26.0,2018.0,42.369999,6.02,11.04,342.790009,211.75,1040.040039,330.399994,50.139998999999996,333.959991,8.6,211.070007,13.77,4.15,2666.939941
4.0,27.0,2018.0,43.400002,5.98,11.11,340.880005,203.710007,1030.050049,322.0299990000001,47.52,321.850006,8.69,203.960007,13.73,4.1,2669.909912
4.0,30.0,2018.0,42.93,6.299,10.88,333.559998,201.309998,1017.330017,320.839996,45.98,322.040009,8.72,204.940002,13.8,4.32,2648.050049
5.0,1.0,2018.0,43.360001,6.12,11.13,329.540009,197.300003,1037.310059,308.459991,46.790001000000004,307.220001,8.55,202.080002,13.61,4.14,2654.800049
5.0,2.0,2018.0,42.240002,6.1789999999999985,10.97,324.190002,195.679993,1024.380005,305.700012,45.889998999999996,307.160004,8.62,201.080002,13.67,4.15,2635.669922
5.0,3.0,2018.0,42.110001,6.23,10.93,330.690002,195.0,1023.7199710000001,309.929993,46.619999,315.679993,8.7,201.529999,13.82,4.08,2629.72998
5.0,4.0,2018.0,42.860001,6.257999999999999,11.28,334.429993,195.070007,1048.209961,311.440002,47.580002,313.850006,8.61,202.539993,14.09,4.15,2663.419922
5.0,7.0,2018.0,42.439999,6.28,11.59,340.429993,196.449997,1054.790039,317.709991,48.48,317.130005,8.77,205.169998,14.1,4.27,2672.6298829999996
5.0,8.0,2018.0,43.0,6.027,11.61,338.369995,199.619995,1053.910034,324.190002,48.57,329.269989,9.06,210.399994,14.06,4.54,2671.919922
5.0,9.0,2018.0,41.5,6.221,11.95,344.5,201.050003,1082.76001,326.119995,51.009997999999996,327.589996,8.99,212.229996,14.37,4.37,2697.790039
5.0,10.0,2018.0,42.040001,6.23,12.13,344.070007,201.669998,1097.569946,324.48999,52.66,326.410004,9.05,212.610001,14.41,4.26,2723.070068
5.0,11.0,2018.0,42.599998,6.3,11.95,342.459991,203.919998,1098.26001,324.040009,51.82,325.299988,8.96,213.830002,14.25,4.22,2727.719971
5.0,14.0,2018.0,42.459999,6.18,12.23,344.589996,203.070007,1100.199951,319.079987,53.0,318.720001,9.16,209.190002,14.38,4.23,2730.1298829999996
5.0,15.0,2018.0,43.189999,6.04,12.45,342.119995,201.649994,1079.22998,319.769989,54.009997999999996,319.970001,8.81,209.399994,14.4,4.09,2711.449951
5.0,16.0,2018.0,44.060001,5.849,12.82,340.97000099999997,200.5,1081.77002,319.329987,56.5,321.160004,9.38,210.149994,14.46,4.07,2722.459961
5.0,17.0,2018.0,43.630001,5.625,12.82,344.140015,201.759995,1078.589966,320.420013,54.700001,324.519989,8.9,210.619995,14.49,4.15,2720.1298829999996
5.0,18.0,2018.0,43.380001,6.15,13.0,351.230011,202.520004,1066.359985,320.450012,53.389998999999996,329.019989,8.7,211.059998,14.43,3.96,2712.969971
5.0,21.0,2018.0,44.279999,6.68,12.99,363.920013,205.770004,1079.579956,324.2799990000001,55.48,331.359985,9.0,213.949997,14.67,3.67,2733.01001
5.0,22.0,2018.0,42.880001,6.53,12.98,355.019989,204.369995,1069.72998,317.130005,59.029999,324.5,8.93,207.729996,14.56,3.79,2724.439941
5.0,23.0,2018.0,42.799999,6.6,13.1,359.209991,205.559998,1079.689941,325.320007,59.970001,328.230011,8.8,211.139999,14.51,3.76,2733.290039
5.0,24.0,2018.0,43.560001,6.42,13.41,359.0,208.729996,1079.23999,326.350006,61.490002000000004,332.809998,8.86,213.940002,14.29,3.7,2727.76001
5.0,25.0,2018.0,44.91,6.2,13.54,360.089996,208.119995,1075.660034,320.799988,61.349998,331.929993,8.81,211.270004,13.68,3.53,2721.330078
5.0,29.0,2018.0,43.59,6.23,13.36,352.480011,201.809998,1060.319946,317.200012,62.619999,326.480011,8.7,209.029999,13.51,3.61,2689.860107
5.0,30.0,2018.0,43.299999,6.35,13.82,358.190002,204.039993,1067.800049,321.040009,62.57,331.570007,8.93,212.320007,13.83,3.62,2724.01001
5.0,31.0,2018.0,43.540001,6.25,13.73,352.160004,201.710007,1084.98999,314.540009,57.59,327.25,8.63,209.5,13.55,3.56,2705.27002
6.0,1.0,2018.0,44.0,6.2410000000000005,14.4,356.72000099999997,203.470001,1119.5,316.630005,58.740002000000004,329.98999,8.65,211.360001,13.25,3.17,2734.6201170000004
6.0,4.0,2018.0,44.860001,6.31,14.85,360.730011,202.600006,1139.290039,318.170013,59.099998,332.809998,8.56,212.630005,13.12,3.03,2746.8701170000004
6.0,5.0,2018.0,44.18,6.7,14.85,360.100006,201.100006,1139.660034,320.019989,59.41,329.190002,8.6,213.270004,13.22,3.07,2748.800049
6.0,6.0,2018.0,44.189999,7.56,15.67,371.559998,201.509995,1136.880005,319.910004,59.419998,335.220001,8.6,212.919998,13.16,2.89,2772.350098
6.0,7.0,2018.0,43.84,7.42,14.89,368.52999900000003,202.850006,1123.859985,321.950012,59.630001,338.070007,8.62,212.660004,13.35,2.97,2770.3701170000004
6.0,8.0,2018.0,43.110001,7.17,15.25,369.5,202.580002,1120.869995,322.309998,61.389998999999996,338.630005,8.63,214.559998,13.27,2.9,2779.030029
6.0,11.0,2018.0,44.16,6.816,15.73,370.940002,201.699997,1129.98999,319.299988,61.389998999999996,334.359985,8.69,212.559998,13.36,3.07,2782.0
6.0,12.0,2018.0,43.41,6.8320000000000025,15.85,370.619995,198.5,1139.319946,315.160004,60.549999,329.350006,8.49,206.610001,13.4,3.24,2786.850098
6.0,13.0,2018.0,42.919998,6.94,16.32,363.850006,199.820007,1134.790039,314.350006,60.049999,327.820007,8.44,205.470001,13.47,3.44,2775.6298829999996
6.0,14.0,2018.0,43.080002,6.84,16.25,362.420013,195.820007,1152.119995,310.589996,59.18,322.559998,8.39,202.679993,13.52,3.2,2782.48999
6.0,15.0,2018.0,42.77,6.86,16.34,357.880005,195.800003,1152.26001,310.140015,58.23,321.519989,8.33,201.529999,13.05,3.03,2779.659912
6.0,18.0,2018.0,42.439999,6.92,17.110001,354.73999,195.970001,1173.459961,309.519989,58.450001,322.420013,8.23,202.610001,13.29,3.13,2773.75
6.0,19.0,2018.0,41.509998,7.2,16.690001000000002,341.119995,190.690002,1168.060059,302.519989,59.25,313.839996,8.15,196.600006,13.14,3.13,2762.590088
6.0,20.0,2018.0,42.029999,7.51,16.52,342.690002,191.399994,1169.839966,302.859985,58.950001,312.079987,8.02,196.419998,13.28,3.26,2767.320068
6.0,21.0,2018.0,41.490002,7.87,15.65,337.660004,188.429993,1157.660034,300.380005,59.439999,313.450012,8.15,194.699997,13.31,3.32,2749.76001
6.0,22.0,2018.0,41.349998,7.53,15.8,338.910004,189.380005,1155.47998,299.380005,57.099998,312.059998,8.13,193.380005,14.02,3.86,2754.8798829999996
6.0,25.0,2018.0,39.68,7.29,15.11,331.200012,189.100006,1124.810059,298.769989,53.16,313.720001,8.27,193.520004,13.77,3.88,2717.070068
6.0,26.0,2018.0,39.09,7.07,15.5,331.299988,188.800003,1118.459961,299.079987,54.59,309.339996,8.19,193.899994,14.27,4.12,2723.060059
6.0,27.0,2018.0,38.259998,6.72,14.97,329.820007,185.889999,1103.97998,294.7799990000001,52.259997999999996,306.589996,8.16,192.539993,14.65,4.19,2699.6298829999996
6.0,28.0,2018.0,38.200001,7.06,15.31,334.649994,187.440002,1114.219971,295.23999,53.139998999999996,307.720001,8.11,192.919998,14.86,4.33,2716.310059
6.0,29.0,2018.0,37.959999,7.07,14.99,335.51001,186.410004,1115.650024,295.429993,52.439999,307.700012,8.09,193.179993,15.06,4.06,2718.3701170000004
7.0,2.0,2018.0,38.360001,7.27,15.16,336.079987,187.369995,1127.459961,299.119995,54.48,308.869995,8.05,194.389999,14.96,4.15,2726.709961
7.0,3.0,2018.0,37.75,7.12,15.0,332.929993,189.690002,1102.890015,299.459991,51.48,308.839996,8.03,195.029999,14.92,4.04,2713.219971
7.0,5.0,2018.0,37.990002,7.121,15.5,333.179993,188.699997,1124.27002,299.190002,52.84,308.25,7.75,193.630005,14.78,3.95,2736.610107
7.0,6.0,2018.0,38.09,7.08,16.360001,334.640015,188.839996,1140.170044,299.190002,53.23,307.359985,7.95,193.570007,14.96,4.03,2759.820068
7.0,9.0,2018.0,39.310001,7.0,16.610001,341.920013,191.539993,1154.050049,306.480011,54.310001,313.700012,7.98,197.320007,15.03,4.05,2784.169922
7.0,10.0,2018.0,39.119999,6.95,16.549999,347.160004,192.800003,1152.839966,308.829987,55.740002000000004,315.119995,8.06,195.910004,15.07,3.97,2793.840088
7.0,11.0,2018.0,35.959999,6.85,16.27,340.600006,191.509995,1153.900024,306.579987,54.18,311.769989,7.82,194.029999,14.31,4.0,2774.02002
7.0,12.0,2018.0,36.330002,6.8,16.559998999999998,346.02999900000015,193.639999,1183.47998,313.309998,55.450001,322.130005,8.01,197.520004,14.39,3.56,2798.290039
7.0,13.0,2018.0,37.119999,6.569,16.27,350.790009,192.740005,1188.819946,318.369995,56.349998,321.730011,7.88,199.75,14.47,3.33,2801.310059
7.0,16.0,2018.0,37.279999,6.13,16.58,356.100006,191.5,1183.859985,319.049988,56.150002,320.329987,7.92,199.610001,13.94,3.27,2798.429932
7.0,17.0,2018.0,37.380001,6.023,16.870001000000002,356.880005,192.320007,1198.800049,317.5,56.959998999999996,321.200012,7.83,200.240005,13.95,3.24,2809.550049
7.0,18.0,2018.0,38.369999,6.05,16.85,360.230011,195.429993,1195.880005,319.769989,57.450001,323.709991,7.85,201.520004,14.1,3.25,2815.6201170000004
7.0,19.0,2018.0,38.130001,5.8,16.709999,355.329987,194.350006,1186.959961,319.600006,56.220001,324.160004,7.88,201.369995,14.13,3.29,2804.48999
7.0,20.0,2018.0,37.880001,5.64,16.5,354.899994,195.279999,1184.910034,322.549988,55.02,323.929993,7.89,201.440002,14.15,3.22,2801.830078
7.0,23.0,2018.0,38.040001,5.84,16.66,353.269989,193.229996,1205.5,318.329987,54.290001000000004,316.670013,7.95,196.710007,14.09,3.21,2806.97998
7.0,24.0,2018.0,37.450001,5.42,16.190001000000002,358.269989,196.75,1248.079956,322.570007,53.169998,316.170013,8.14,196.990005,14.23,3.23,2820.399902
7.0,25.0,2018.0,38.189999,5.32,16.049999,355.920013,203.449997,1263.699951,324.359985,53.389998999999996,295.5,8.13,197.559998,14.42,3.34,2846.070068
7.0,26.0,2018.0,40.02,5.26,18.35,359.320007,200.479996,1268.329956,322.940002,53.759997999999996,295.309998,8.1,192.429993,14.47,3.38,2837.439941
7.0,27.0,2018.0,39.689999,5.35,18.940001,360.649994,198.649994,1238.5,324.089996,53.959998999999996,301.649994,7.94,196.179993,14.32,3.13,2818.820068
7.0,30.0,2018.0,38.970001,5.18,19.42,351.059998,196.259995,1219.73999,320.109985,53.009997999999996,294.829987,7.94,193.429993,14.54,3.11,2802.600098
7.0,31.0,2018.0,39.540001,5.45,18.33,356.299988,199.759995,1217.26001,326.100006,52.790001000000004,300.48999,8.02,198.029999,14.28,3.09,2816.290039
8.0,1.0,2018.0,38.139999,5.26,18.48,352.76001,196.009995,1220.01001,324.929993,52.290001000000004,300.899994,7.9,197.350006,14.09,3.02,2813.360107
8.0,2.0,2018.0,37.93,5.16,18.790001,349.730011,194.940002,1226.150024,322.019989,53.400002,298.690002,8.0,197.169998,14.36,2.9,2827.219971
8.0,3.0,2018.0,38.419998,5.06,18.49,348.440002,194.089996,1223.709961,320.549988,52.810001,297.25,8.09,195.800003,14.27,2.77,2840.350098
8.0,6.0,2018.0,38.41,5.16,19.43,346.570007,193.520004,1224.77002,316.920013,52.669998,295.429993,8.2,196.160004,14.31,2.79,2850.399902
8.0,7.0,2018.0,38.259998,4.7,19.559999,350.76001,196.279999,1242.219971,317.410004,53.040001000000004,295.26001,8.27,197.389999,14.36,2.7,2858.449951
8.0,8.0,2018.0,38.380001,4.777,19.58,347.77999900000015,195.130005,1245.609985,315.309998,53.389998999999996,294.950012,8.28,197.520004,13.9,2.74,2857.699951
8.0,9.0,2018.0,37.919998,4.78,19.1,343.72000099999997,192.570007,1249.099976,315.709991,52.259997999999996,291.429993,8.44,196.100006,13.88,2.79,2853.580078
8.0,10.0,2018.0,37.259998,4.6560000000000015,19.059999,339.410004,191.809998,1237.609985,313.119995,51.369999,291.320007,8.0,196.350006,14.08,2.64,2833.280029
8.0,13.0,2018.0,36.790001,4.47,19.73,338.359985,191.839996,1235.01001,313.640015,51.34,292.019989,8.16,196.100006,14.01,2.62,2821.929932
8.0,14.0,2018.0,37.09,4.1,20.02,339.140015,193.630005,1242.099976,318.589996,50.619999,293.859985,8.26,197.559998,13.99,2.63,2839.959961
8.0,15.0,2018.0,37.439999,4.876,19.700001,331.76001,192.309998,1214.380005,317.700012,47.490002000000004,291.51001,8.17,194.929993,13.51,2.37,2818.3701170000004
8.0,16.0,2018.0,38.16,4.75,19.33,345.980011,192.440002,1206.48999,325.859985,47.099998,291.98999,8.0,198.509995,13.63,2.53,2840.689941
8.0,17.0,2018.0,37.790001,4.97,19.77,346.399994,193.679993,1200.959961,325.230011,47.110001000000004,294.390015,7.87,199.089996,13.69,1.84,2850.1298829999996
8.0,20.0,2018.0,39.990002,5.86,19.98,350.73999,194.919998,1207.77002,324.220001,48.07,297.5,7.77,200.449997,13.76,1.53,2857.050049
8.0,21.0,2018.0,40.330002,6.29,20.4,353.769989,194.960007,1201.619995,324.390015,49.939999,298.179993,7.85,200.600006,13.83,1.63,2862.959961
8.0,22.0,2018.0,39.189999,6.192,20.9,350.02999900000015,192.479996,1207.329956,321.920013,50.240002000000004,297.23999,7.88,199.410004,14.27,1.62,2861.820068
8.0,23.0,2018.0,38.830002,6.13,22.290001,347.480011,191.589996,1205.380005,320.01001,49.700001,297.579987,7.75,198.179993,14.27,1.63,2856.97998
8.0,24.0,2018.0,38.82,6.59,23.98,349.380005,192.589996,1220.650024,321.290009,50.700001,298.040009,7.8,200.080002,14.43,1.57,2874.689941
8.0,27.0,2018.0,39.52,7.1,25.26,353.73999,195.289993,1241.819946,324.339996,52.07,300.130005,8.0,201.479996,14.5,1.54,2896.73999
8.0,28.0,2018.0,40.689999,6.6,25.049999,351.209991,195.619995,1231.150024,324.339996,52.34,300.410004,8.1,200.070007,14.43,1.54,2897.52002
8.0,29.0,2018.0,40.5,7.045,25.200001,350.190002,194.710007,1249.300049,324.320007,51.830002,297.109985,8.15,200.059998,14.66,1.57,2914.040039
8.0,30.0,2018.0,40.400002,6.784,24.889999,346.899994,192.509995,1239.119995,321.850006,52.759997999999996,298.690002,8.07,199.169998,14.75,1.65,2901.1298829999996
8.0,31.0,2018.0,40.48,6.68,25.17,342.790009,193.399994,1218.189941,320.410004,52.52,298.48999,8.1,199.440002,14.71,1.85,2901.52002
9.0,4.0,2018.0,40.77,6.8,28.059999,346.25,192.610001,1197.0,321.910004,51.93,297.649994,8.09,198.339996,14.58,1.78,2896.719971
9.0,5.0,2018.0,39.669998,6.6160000000000005,28.51,346.679993,193.979996,1186.47998,321.329987,49.540001000000004,296.75,7.86,198.029999,14.49,1.68,2888.600098
9.0,6.0,2018.0,38.48,6.265,27.84,351.269989,195.240005,1171.439941,328.910004,44.650002,301.690002,8.0,202.210007,14.3,1.56,2878.050049
9.0,7.0,2018.0,38.43,6.17,27.379999,349.27999900000015,194.710007,1164.829956,328.5299990000001,44.860001000000004,300.519989,7.95,200.380005,14.28,1.54,2871.679932
9.0,10.0,2018.0,39.43,6.32,29.889999,341.859985,195.690002,1164.640015,322.950012,44.900002,303.940002,8.08,199.179993,14.21,1.32,2877.1298829999996
9.0,11.0,2018.0,40.18,6.92,30.1,345.25,196.059998,1177.359985,322.230011,43.599998,302.970001,8.03,197.529999,14.6,1.23,2887.889893
9.0,12.0,2018.0,39.259998,7.011,32.209999,353.410004,196.199997,1162.819946,325.2799990000001,41.740002000000004,303.5299990000001,8.03,198.350006,14.78,1.09,2888.919922
9.0,13.0,2018.0,39.48,6.375,30.48,355.459991,198.570007,1175.329956,331.2799990000001,43.619999,303.410004,8.01,200.830002,14.49,1.06,2904.179932
9.0,14.0,2018.0,39.740002,6.52,32.720001,359.799988,200.509995,1172.530029,335.799988,44.299999,307.339996,8.12,203.160004,14.5,1.11,2904.97998
9.0,17.0,2018.0,40.32,7.677,32.43,355.959991,202.429993,1156.050049,339.339996,43.580002,311.019989,7.95,205.009995,14.47,1.12,2888.800049
9.0,18.0,2018.0,40.790001,8.51,31.93,363.579987,204.610001,1161.219971,343.220001,45.330002,317.630005,7.88,207.899994,14.69,1.09,2904.310059
9.0,19.0,2018.0,41.599998,8.44,31.209999,365.22000099999997,204.009995,1171.089966,339.299988,45.060001,312.26001,7.59,205.169998,14.94,1.03,2907.949951
9.0,20.0,2018.0,41.889999,9.49,31.18,367.459991,202.860001,1186.869995,333.130005,46.060001,301.410004,7.69,200.809998,14.8,1.02,2930.75
9.0,21.0,2018.0,43.599998,9.222,31.02,372.230011,204.660004,1166.089966,337.660004,44.740002000000004,306.690002,7.59,203.460007,14.96,1.04,2929.669922
9.0,24.0,2018.0,41.98,9.465,32.610001000000004,367.98999,202.830002,1173.369995,337.579987,45.16,306.109985,7.7,202.360001,15.25,1.0,2919.3701170000004
9.0,25.0,2018.0,40.810001,9.811,32.57,367.230011,203.479996,1184.650024,343.540009,44.639998999999996,314.410004,7.66,205.179993,15.27,0.91,2915.560059
9.0,26.0,2018.0,41.040001,9.38,32.189999,365.02999900000003,201.860001,1180.48999,342.880005,44.349998,314.579987,7.5,205.240005,15.11,0.92,2905.969971
9.0,27.0,2018.0,41.5,8.957,32.59,367.390015,202.080002,1194.640015,346.049988,44.990002000000004,316.769989,7.64,205.940002,15.26,1.04,2914.0
9.0,28.0,2018.0,41.330002,9.6,30.889999,371.899994,204.720001,1193.469971,345.959991,45.23,317.369995,7.72,206.660004,15.52,1.28,2913.97998
10.0,1.0,2018.0,39.610001,9.703,31.42,382.290009,205.5,1195.310059,347.929993,45.150002,318.5,7.26,207.509995,15.95,1.3,2924.590088
10.0,2.0,2018.0,38.5,9.305,29.02,386.369995,204.979996,1200.109985,349.070007,45.759997999999996,318.769989,7.25,208.039993,15.87,1.19,2923.429932
10.0,3.0,2018.0,38.799999,9.755,28.43,392.299988,205.720001,1202.949951,347.440002,45.150002,317.630005,7.3,206.970001,16.08,1.05,2925.51001
10.0,4.0,2018.0,37.919998,9.46,27.780001,389.98999,205.910004,1168.189941,349.459991,44.16,318.089996,7.5,208.210007,15.74,1.1,2901.610107
10.0,5.0,2018.0,36.439999,9.872,27.35,386.47000099999997,206.320007,1157.349976,347.209991,43.580002,320.339996,7.48,206.75,15.69,1.06,2885.570068
10.0,8.0,2018.0,35.900002,10.465,26.459999,385.769989,207.160004,1148.969971,349.929993,43.07,319.0,7.19,206.820007,15.68,1.12,2884.429932
10.0,9.0,2018.0,33.549999,10.197,27.24,385.440002,204.160004,1138.819946,347.309998,42.27,314.200012,7.25,204.589996,15.82,1.13,2880.340088
10.0,10.0,2018.0,31.610001,10.046,25.0,367.47000099999997,197.820007,1081.219971,336.75,41.610001000000004,309.049988,7.14,197.600006,15.38,1.07,2785.679932
10.0,11.0,2018.0,31.27,9.72,25.299999,358.109985,192.940002,1079.319946,326.26001,41.970001,297.619995,7.07,190.990005,14.95,1.04,2728.3701170000004
10.0,12.0,2018.0,30.91,10.52,26.34,360.109985,191.850006,1110.079956,327.619995,42.470001,302.369995,7.07,191.690002,15.12,1.1,2767.1298829999996
10.0,15.0,2018.0,31.780001,11.68,26.26,358.880005,192.630005,1092.25,331.23999,42.34,305.600006,7.14,192.259995,15.13,1.11,2750.790039
10.0,16.0,2018.0,33.279999,10.81,28.18,368.25,194.710007,1121.280029,337.130005,43.209998999999996,312.089996,7.08,195.919998,15.19,1.2,2809.919922
10.0,17.0,2018.0,33.57,10.44,27.299999,365.5,193.839996,1115.689941,333.399994,42.349998,309.5,7.01,193.119995,14.82,1.13,2809.209961
10.0,18.0,2018.0,32.060001,10.52,26.620001,359.350006,191.220001,1087.969971,328.0,41.299999,308.200012,7.04,191.660004,14.56,1.17,2768.780029
10.0,19.0,2018.0,32.040001000000004,9.966,23.66,356.26001,190.259995,1096.459961,328.140015,40.450001,307.670013,7.11,191.009995,14.72,1.1,2767.780029
10.0,22.0,2018.0,32.16,8.69,25.030001,355.980011,190.139999,1101.160034,326.7799990000001,39.759997999999996,306.75,6.97,191.100006,14.74,1.13,2755.8798829999996
10.0,23.0,2018.0,32.380001,7.7,25.09,350.049988,187.75,1103.689941,321.350006,38.68,304.119995,6.83,191.380005,14.04,1.09,2740.689941
10.0,24.0,2018.0,30.34,7.27,22.790001,354.649994,173.240005,1050.709961,311.130005,35.43,285.859985,6.83,182.110001,14.05,1.06,2656.100098
10.0,25.0,2018.0,32.369999,7.49,19.27,363.769989,170.600006,1095.569946,306.410004,36.779999,269.980011,6.7,176.520004,14.21,1.21,2705.570068
10.0,26.0,2018.0,32.459999,7.04,17.629998999999994,359.269989,169.860001,1071.469971,305.049988,35.400002,269.839996,7.2,176.889999,14.33,1.16,2658.689941
10.0,29.0,2018.0,32.599998,5.91,16.85,335.589996,167.03999299999995,1020.080017,286.670013,34.66,256.299988,7.27,168.350006,14.11,1.12,2641.25
10.0,30.0,2018.0,34.66,6.09,17.200001,349.910004,171.889999,1036.209961,291.070007,36.009997999999996,261.100006,7.38,173.139999,14.03,1.13,2682.6298829999996
10.0,31.0,2018.0,35.080002,6.8,18.209999,354.859985,172.580002,1076.77002,293.850006,37.720001,261.950012,7.19,175.03999299999995,13.79,1.12,2711.73999
11.0,1.0,2018.0,36.369999,6.73,20.219999,363.070007,178.399994,1070.0,299.420013,40.119999,273.149994,7.12,180.830002,13.46,1.16,2740.3701170000004
11.0,2.0,2018.0,36.330002,7.02,20.23,357.75,176.979996,1057.790039,299.2799990000001,40.32,273.799988,7.15,181.550003,13.31,1.25,2723.060059
11.0,5.0,2018.0,35.720001,7.35,19.9,361.980011,177.970001,1040.089966,303.209991,39.919998,279.440002,7.03,183.059998,13.3,1.22,2738.310059
11.0,6.0,2018.0,35.169998,7.4,20.68,366.47000099999997,182.199997,1055.810059,306.559998,39.799999,282.73999,6.97,184.800003,13.18,1.21,2755.449951
11.0,7.0,2018.0,36.970001,8.08,21.84,372.019989,185.029999,1093.390015,309.820007,40.93,285.910004,7.02,187.320007,13.06,1.28,2813.889893
11.0,8.0,2018.0,36.860001,7.56,21.200001,370.769989,184.559998,1082.400024,308.559998,40.439999,284.0299990000001,7.04,186.660004,12.84,1.27,2806.830078
11.0,9.0,2018.0,36.220001,7.29,21.030001,369.339996,184.5,1066.150024,313.119995,39.110001000000004,285.730011,6.95,188.020004,12.7,1.18,2781.01001
11.0,12.0,2018.0,36.860001,6.96,19.030001,357.02999900000015,181.009995,1038.630005,305.119995,37.439999,277.549988,6.95,182.029999,12.48,1.16,2726.219971
11.0,13.0,2018.0,37.779999,6.7,19.610001,349.51001,180.080002,1036.050049,305.73999,37.849998,273.640015,6.95,180.619995,11.69,1.14,2722.179932
11.0,14.0,2018.0,38.110001,6.16,20.809999,344.72000099999997,179.839996,1043.660034,303.390015,38.029999,270.720001,6.76,180.580002,11.95,1.15,2701.580078
11.0,15.0,2018.0,37.82,6.64,21.49,341.570007,182.339996,1064.709961,305.480011,39.91,272.350006,6.8,183.199997,11.98,1.22,2730.199951
11.0,16.0,2018.0,36.75,6.4,20.66,335.950012,183.059998,1061.48999,301.23999,39.439999,272.640015,6.9,182.080002,12.07,1.22,2736.27002
11.0,19.0,2018.0,35.82,6.09,19.110001,320.940002,179.380005,1020.0,294.589996,36.830002,269.26001,6.7,176.440002,12.14,1.21,2690.72998
11.0,20.0,2018.0,35.59,6.03,19.209999,317.700012,175.919998,1025.76001,293.859985,36.119999,266.809998,6.41,174.020004,11.27,1.19,2641.889893
11.0,21.0,2018.0,36.310001,6.25,18.73,317.320007,176.75,1037.609985,294.290009,36.380001,267.709991,6.63,172.279999,11.52,0.51,2649.929932
11.0,23.0,2018.0,37.950001,6.07,19.379999,312.320007,178.259995,1023.8800050000001,295.380005,36.400002,266.589996,6.89,173.580002,10.83,0.49,2632.560059
11.0,26.0,2018.0,38.099998,5.68,20.08,316.359985,179.690002,1048.619995,295.2799990000001,36.57,265.899994,6.9,174.630005,10.94,0.45,2673.449951
11.0,27.0,2018.0,38.290001,5.5,21.049999,318.0299990000001,178.639999,1044.410034,295.290009,37.0,260.339996,6.88,171.669998,10.95,0.43,2682.169922
11.0,28.0,2018.0,38.939999,5.96,21.34,333.5,182.029999,1086.22998,299.940002,38.709998999999996,263.140015,6.5,173.610001,10.66,0.45,2743.790039
11.0,29.0,2018.0,38.419998,5.66,21.43,342.559998,182.169998,1088.300049,302.420013,37.91,260.670013,6.7,173.580002,10.87,0.45,2737.800049
11.0,30.0,2018.0,40.16,5.72,21.299999,346.76001,184.889999,1094.430054,300.429993,38.560001,259.880005,6.48,175.339996,10.73,0.45,2760.169922
12.0,3.0,2018.0,39.650002,5.69,23.709999,359.959991,181.570007,1106.430054,296.790009,40.029999,261.470001,6.4,172.869995,11.27,0.46,2790.3701170000004
12.0,4.0,2018.0,36.689999,5.4,21.120001,342.5,173.179993,1050.819946,286.730011,36.880001,249.839996,6.21,165.679993,11.18,0.43,2700.060059
12.0,6.0,2018.0,36.939999,5.28,21.299999,331.899994,171.020004,1068.72998,286.350006,37.669998,257.01001,6.14,168.179993,10.94,0.43,2695.949951
12.0,7.0,2018.0,33.57,5.75,19.459999,323.22000099999997,167.380005,1036.579956,285.399994,35.310001,257.540009,6.17,165.110001,11.11,0.41,2633.080078
12.0,10.0,2018.0,33.84,5.73,19.99,326.350006,172.199997,1039.550049,298.399994,34.799999,270.230011,6.06,171.21000700000005,10.75,0.41,2637.719971
12.0,11.0,2018.0,34.099998,5.93,19.98,322.0299990000001,172.270004,1051.75,292.149994,35.209998999999996,268.0,6.2,171.029999,10.95,0.42,2636.780029
12.0,12.0,2018.0,34.349998,6.12,20.48,326.690002,171.220001,1063.680054,292.5,36.029999,270.109985,6.15,171.809998,10.82,0.44,2651.070068
12.0,13.0,2018.0,32.459999,5.71,19.860001,325.47000099999997,171.009995,1061.900024,292.230011,35.02,267.850006,6.07,172.429993,11.21,0.47,2650.540039
12.0,14.0,2018.0,32.41,5.86,19.9,318.75,168.970001,1042.099976,287.700012,34.200001,262.709991,5.92,169.850006,10.82,0.54,2599.949951
12.0,17.0,2018.0,32.040001000000004,5.54,18.83,316.130005,163.449997,1016.5300289999999,279.230011,33.880001,257.23999,5.72,165.940002,10.45,0.5,2545.939941
12.0,18.0,2018.0,33.540001000000004,5.53,19.5,328.059998,162.809998,1028.709961,279.470001,34.110001000000004,256.940002,5.72,164.839996,9.79,0.45,2546.159912
12.0,19.0,2018.0,32.419998,5.29,18.16,319.549988,158.990005,1023.01001,273.959991,31.41,253.350006,5.87,162.330002,10.02,0.47,2506.959961
12.0,20.0,2018.0,31.889999,5.1,17.940001000000006,313.049988,154.610001,1009.409973,265.290009,31.280001000000002,243.619995,5.65,157.949997,9.72,0.46,2467.419922
12.0,21.0,2018.0,30.780001,4.88,16.93,304.549988,150.490005,979.5399779999999,256.549988,30.32,235.240005,5.65,151.520004,9.57,0.44,2416.6201170000004
12.0,24.0,2018.0,29.719999,5.0,16.65,294.160004,148.21000700000005,976.2199710000001,245.220001,29.02,226.229996,5.31,146.669998,9.29,0.41,2351.100098
12.0,26.0,2018.0,32.290001000000004,5.08,17.9,313.929993,152.169998,1039.459961,251.619995,30.889999,232.639999,5.5,149.490005,9.9,0.42,2467.699951
12.0,27.0,2018.0,32.040001000000004,5.1,17.49,317.140015,155.119995,1043.880005,259.790009,31.93,239.570007,5.99,153.570007,9.62,0.42,2488.830078
12.0,28.0,2018.0,31.83,5.23,17.82,316.380005,155.320007,1037.079956,261.26001,31.57,242.25,5.88,152.919998,9.53,0.42,2485.73999
12.0,31.0,2018.0,32.110001000000004,4.96,18.459999,322.5,157.21000700000005,1035.609985,261.839996,31.73,244.899994,5.8,153.350006,9.66,0.42,2506.850098
1.0,2.0,2019.0,32.48,5.24,18.83,323.809998,157.259995,1045.849976,264.730011,32.75,246.369995,5.96,154.139999,9.85,0.39,2510.030029
1.0,3.0,2019.0,30.059999,5.14,17.049999,310.899994,153.369995,1016.0599980000001,258.079987,31.0,239.919998,6.02,149.78999299999995,9.95,0.4,2447.889893
1.0,4.0,2019.0,32.040001000000004,5.22,19.0,327.079987,157.770004,1070.709961,265.040009,32.700001,247.899994,6.0,153.740005,10.18,0.41,2531.939941
1.0,7.0,2019.0,32.950001,5.26,20.57,328.109985,158.649994,1068.390015,268.079987,34.0,249.830002,6.4,155.360001,10.29,0.42,2549.689941
1.0,8.0,2019.0,32.419998,5.03,20.75,340.5299990000001,158.660004,1076.280029,269.869995,33.740002000000004,250.960007,6.35,157.21000700000005,10.5,0.41,2574.409912
1.0,9.0,2019.0,33.419998,5.45,20.190001,343.829987,160.899994,1074.660034,270.540009,35.439999,252.149994,6.39,157.929993,11.05,0.43,2584.959961
1.0,10.0,2019.0,32.040001000000004,5.94,19.74,352.609985,162.429993,1070.329956,277.5,35.91,257.660004,6.4,159.580002,11.1,0.48,2596.639893
1.0,11.0,2019.0,31.799999,6.38,20.27,352.899994,163.809998,1057.189941,277.730011,36.009997999999996,256.049988,6.32,159.169998,10.9,0.46,2596.26001
1.0,14.0,2019.0,31.709999,6.78,20.23,350.359985,164.529999,1044.689941,277.51001,34.669998,259.959991,6.1,160.509995,10.69,0.45,2582.610107
1.0,15.0,2019.0,32.099998,7.0,20.379999,352.23999,163.139999,1077.150024,276.0,33.990002000000004,258.940002,5.95,160.139999,11.0,0.46,2610.300049
1.0,16.0,2019.0,32.84,7.33,19.73,352.059998,163.600006,1080.969971,272.390015,33.580002,255.740005,6.21,159.380005,11.06,0.46,2616.100098
1.0,17.0,2019.0,33.580002,6.57,20.25,359.089996,165.720001,1089.900024,278.799988,33.880001,264.079987,6.55,162.839996,11.03,0.45,2635.959961
1.0,18.0,2019.0,33.970001,6.44,20.77,364.730011,168.580002,1098.26001,282.869995,35.759997999999996,267.75,6.19,165.410004,11.31,0.46,2670.709961
1.0,22.0,2019.0,32.740002000000004,6.19,19.76,357.899994,167.220001,1070.52002,279.589996,33.869999,264.730011,6.13,163.71000700000005,11.12,0.48,2632.899902
1.0,23.0,2019.0,31.65,6.19,19.799999,358.609985,168.809998,1075.569946,283.51001,34.240002000000004,270.230011,6.06,165.199997,11.05,0.5,2638.699951
1.0,24.0,2019.0,33.66,6.62,20.85,358.269989,170.820007,1073.900024,285.25,36.59,269.820007,5.99,166.320007,11.17,0.49,2642.330078
1.0,25.0,2019.0,34.98,6.72,21.93,364.200012,171.220001,1090.98999,287.040009,38.959998999999996,272.839996,6.08,167.610001,11.25,0.49,2664.76001
1.0,28.0,2019.0,36.57,7.1,20.18,362.97000099999997,172.190002,1070.079956,287.869995,38.080002,274.299988,5.95,168.649994,10.95,0.48,2643.850098
1.0,29.0,2019.0,36.290001,6.89,19.25,364.910004,176.0,1060.619995,292.049988,37.389998999999996,280.130005,6.15,171.229996,11.16,0.47,2640.0
1.0,30.0,2019.0,36.34,6.93,23.09,387.72000099999997,170.910004,1089.060059,291.670013,38.240002000000004,280.820007,6.5,171.46000700000005,11.4,0.49,2681.050049
1.0,31.0,2019.0,35.77,7.09,24.41,385.619995,171.169998,1116.369995,289.690002,38.220001,275.549988,6.37,164.759995,11.35,0.49,2704.100098
2.0,1.0,2019.0,36.110001,7.4,24.51,387.429993,169.029999,1110.75,290.579987,39.599998,272.959991,6.85,165.96000700000005,11.63,0.47,2706.530029
2.0,4.0,2019.0,36.779999,8.04,24.129999,397.0,174.610001,1132.800049,298.769989,39.470001,278.730011,7.07,174.649994,11.5,0.48,2724.8701170000004
2.0,5.0,2019.0,36.93,7.9,23.309999,410.179993,172.220001,1145.98999,299.459991,39.369999,278.459991,6.8,175.979996,11.29,0.47,2737.699951
2.0,6.0,2019.0,36.759998,7.57,23.26,411.109985,172.759995,1115.22998,299.829987,41.52,280.410004,7.15,175.070007,11.32,0.46,2731.610107
2.0,7.0,2019.0,36.169998,7.77,22.67,405.170013,173.589996,1098.709961,300.130005,39.380001,278.52999900000003,7.2,176.080002,11.07,0.47,2706.050049
2.0,8.0,2019.0,36.0,7.59,23.049999,404.910004,172.119995,1095.060059,301.5,38.580002,280.619995,7.0,175.919998,11.08,0.44,2707.8798829999996
2.0,11.0,2019.0,36.59,7.17,22.959999,403.950012,170.929993,1095.01001,300.040009,38.580002,281.470001,7.18,177.830002,11.01,0.47,2709.800049
2.0,12.0,2019.0,35.75,7.17,22.82,410.72000099999997,172.759995,1121.369995,304.109985,40.400002,284.079987,7.37,181.119995,11.16,0.48,2744.72998
2.0,13.0,2019.0,36.209999,7.25,22.85,410.579987,173.479996,1120.160034,304.420013,41.68,283.299988,7.57,180.940002,11.34,0.47,2753.030029
2.0,14.0,2019.0,36.110001,7.1,23.129999,409.820007,172.100006,1121.670044,301.0,42.23,280.600006,6.92,181.130005,11.48,0.47,2745.72998
2.0,15.0,2019.0,35.049999,7.05,23.68,417.97000099999997,175.240005,1113.650024,307.230011,41.990002000000004,286.980011,6.94,184.610001,11.71,0.48,2775.600098
2.0,19.0,2019.0,35.470001,6.93,23.950001,416.26001,174.779999,1118.560059,305.179993,41.959998999999996,287.350006,6.79,184.619995,11.78,0.5,2779.76001
2.0,20.0,2019.0,35.060001,7.07,23.950001,421.549988,174.449997,1113.800049,307.200012,42.209998999999996,288.220001,6.72,187.289993,11.93,0.48,2784.699951
2.0,21.0,2019.0,34.98,7.06,23.92,417.579987,171.630005,1096.969971,304.51001,41.529999,287.5,6.87,185.380005,11.88,0.48,2774.8798829999996
2.0,22.0,2019.0,35.49000200000001,6.96,24.360001,424.049988,172.53999299999995,1110.369995,307.130005,42.57,288.709991,6.94,186.610001,11.95,0.47,2792.669922
2.0,25.0,2019.0,35.900002,7.29,24.709999,426.869995,173.139999,1109.400024,305.970001,42.75,287.049988,7.1,186.25,11.57,0.48,2796.110107
2.0,26.0,2019.0,36.25,7.75,24.209999,426.76998899999995,170.0,1115.130005,305.880005,42.959998999999996,286.549988,7.31,185.240005,11.63,0.49,2793.899902
2.0,27.0,2019.0,35.689999,7.54,23.48,435.44000199999994,169.339996,1116.050049,307.579987,41.32,286.769989,7.36,185.360001,11.89,0.49,2792.3798829999996
2.0,28.0,2019.0,35.630001,7.56,23.530001,439.959991,170.220001,1119.920044,309.410004,40.880001,289.959991,7.49,186.5,11.95,0.49,2784.48999
3.0,1.0,2019.0,34.639999,7.34,23.68,440.619995,169.279999,1140.98999,309.470001,41.580002,287.0,7.37,186.190002,11.66,0.51,2803.689941
3.0,4.0,2019.0,33.720001,7.22,23.370001,432.69000199999994,166.75,1147.800049,304.690002,41.060001,283.100006,7.22,183.699997,11.8,0.5,2792.810059
3.0,5.0,2019.0,33.23,8.1,23.5,430.119995,168.029999,1162.030029,305.76001,39.990002000000004,282.869995,7.29,182.619995,11.82,0.51,2789.649902
3.0,6.0,2019.0,32.759998,7.89,22.41,424.459991,166.470001,1157.859985,303.320007,37.93,280.459991,7.24,181.589996,11.75,0.55,2771.449951
3.0,7.0,2019.0,32.220001,7.58,22.08,422.55999800000006,166.339996,1143.300049,303.01001,37.830002,276.440002,7.08,180.220001,11.81,0.58,2748.929932
3.0,8.0,2019.0,31.91,7.75,22.01,422.540009,166.139999,1142.319946,300.950012,38.650002,275.959991,6.92,180.759995,11.73,0.6,2743.070068
3.0,11.0,2019.0,32.049999,7.95,22.959999,400.01001,169.509995,1175.76001,304.399994,39.029999,279.220001,7.02,182.139999,11.86,0.68,2783.300049
3.0,12.0,2019.0,30.92,7.96,23.49,375.410004,168.770004,1193.199951,301.920013,39.25,275.170013,7.18,179.970001,11.89,0.92,2791.52002
3.0,13.0,2019.0,31.84,9.07,23.379999,377.140015,171.720001,1193.319946,303.450012,38.830002,279.160004,6.98,181.589996,12.19,0.85,2810.919922
3.0,14.0,2019.0,32.130001,8.99,22.82,373.299988,169.589996,1185.550049,298.51001,38.41,274.75,7.03,180.25,12.22,0.76,2808.47998
3.0,15.0,2019.0,31.43,9.61,23.290001,378.98999,169.78999299999995,1184.459961,296.149994,39.540001000000004,271.209991,7.05,177.949997,12.2,0.71,2822.47998
3.0,18.0,2019.0,31.379999,9.94,23.25,372.27999900000003,171.669998,1184.26001,297.640015,39.610001000000004,274.890015,7.1,180.229996,12.31,0.77,2832.939941
3.0,19.0,2019.0,31.59,9.96,26.0,373.429993,170.720001,1198.849976,296.600006,40.369999,271.01001,7.02,180.169998,12.28,0.79,2832.570068
3.0,20.0,2019.0,30.959999,9.81,25.700001,376.160004,168.490005,1223.969971,295.980011,40.130001,270.459991,7.19,180.020004,12.5,0.86,2824.22998
3.0,21.0,2019.0,31.450001,9.57,27.889999,372.700012,169.830002,1231.540039,299.01001,43.990002000000004,272.480011,7.07,181.929993,12.44,0.81,2854.8798829999996
3.0,22.0,2019.0,30.57,9.03,26.370001,362.170013,165.850006,1205.5,294.01001,41.619999,268.359985,6.98,179.990005,12.23,0.73,2800.709961
3.0,25.0,2019.0,30.209999,9.25,25.969999,370.459991,166.619995,1193.0,294.119995,40.549999,268.600006,7.05,180.619995,12.25,0.71,2798.360107
3.0,26.0,2019.0,30.209999,9.16,25.690001,370.380005,166.899994,1184.619995,294.920013,40.32,265.850006,6.97,180.910004,12.47,0.78,2818.459961
3.0,27.0,2019.0,30.940001,8.83,24.889999,374.209991,166.559998,1173.02002,293.950012,39.23,263.920013,6.94,179.820007,12.34,0.82,2805.3701170000004
3.0,28.0,2019.0,30.9,8.83,25.059999,374.440002,167.759995,1168.48999,295.600006,39.34,267.0,7.05,180.960007,12.35,0.78,2815.439941
3.0,29.0,2019.0,31.76,9.06,25.52,381.420013,169.279999,1173.310059,300.160004,41.330002,269.600006,6.88,182.080002,12.5,0.76,2834.399902
4.0,1.0,2019.0,32.349998,9.18,26.360001,391.540009,172.309998,1194.430054,304.290009,42.25,274.109985,6.91,184.759995,12.82,0.75,2867.189941
4.0,2.0,2019.0,32.990002000000004,9.07,26.75,390.75,169.940002,1200.48999,303.100006,42.439999,273.329987,6.93,185.809998,13.01,0.8,2867.23999
4.0,3.0,2019.0,33.709999,8.93,29.02,384.73999,167.75,1205.920044,297.269989,43.900002,266.76001,7.0,177.369995,12.99,0.78,2873.399902
4.0,4.0,2019.0,33.93,8.95,29.09,395.859985,169.169998,1215.0,299.670013,42.889998999999996,271.01001,6.92,176.949997,12.92,0.77,2879.389893
4.0,5.0,2019.0,34.060001,9.17,28.98,391.929993,171.119995,1207.150024,302.579987,43.32,276.299988,7.05,179.630005,13.15,0.79,2892.73999
4.0,8.0,2019.0,33.880001,9.04,28.530001,374.519989,172.300003,1203.839966,305.660004,42.900002,276.899994,7.02,181.630005,13.4,0.81,2895.77002
4.0,9.0,2019.0,33.310001,8.81,27.24,369.040009,169.169998,1197.25,302.679993,41.720001,273.470001,6.86,179.03999299999995,13.33,0.8,2878.199951
4.0,10.0,2019.0,34.02,9.1,27.83,364.940002,169.369995,1202.160034,299.119995,42.169998,270.52999900000003,7.0,178.600006,13.41,0.82,2888.209961
4.0,11.0,2019.0,34.810001,8.88,27.790001,370.160004,171.429993,1204.619995,305.589996,42.279999,277.390015,6.95,181.460007,13.27,0.83,2888.320068
4.0,12.0,2019.0,34.689999,8.88,27.85,379.640015,174.929993,1217.869995,309.700012,42.009997999999996,283.049988,6.87,184.410004,13.3,0.82,2907.409912
4.0,15.0,2019.0,33.75,8.51,27.33,375.459991,172.0,1221.099976,308.709991,41.82,280.220001,6.8,182.759995,13.24,0.81,2905.580078
4.0,16.0,2019.0,34.029999,8.88,27.93,381.72000099999997,173.740005,1227.130005,310.059998,42.759997999999996,281.609985,6.68,182.360001,13.37,0.79,2907.060059
4.0,17.0,2019.0,34.380001,8.96,27.49,377.519989,174.529999,1236.339966,310.5,43.150002,278.769989,6.85,180.679993,13.28,0.76,2900.449951
4.0,18.0,2019.0,34.369999,9.0,27.68,380.070007,176.850006,1236.369995,314.26001,43.400002,281.160004,6.79,182.490005,13.32,0.7,2905.030029
4.0,22.0,2019.0,33.48,9.23,28.18,375.170013,177.029999,1248.839966,315.26001,43.400002,282.890015,6.81,182.5,13.67,0.77,2907.969971
4.0,23.0,2019.0,33.970001,9.06,27.969999,374.019989,182.369995,1264.550049,333.100006,42.77,292.609985,6.8,187.580002,13.79,0.8,2933.679932
4.0,24.0,2019.0,33.990002000000004,9.11,28.459999,375.459991,180.729996,1256.0,330.119995,43.029999,280.0,6.69,185.449997,13.68,0.78,2927.25
4.0,25.0,2019.0,33.41,9.07,27.66,382.799988,176.880005,1263.449951,328.869995,42.75,279.190002,6.63,177.369995,13.53,0.74,2926.169922
4.0,26.0,2019.0,33.060001,9.04,27.879999,380.790009,178.070007,1272.180054,328.329987,42.099998,283.130005,6.86,177.429993,13.09,0.71,2939.8798829999996
4.0,29.0,2019.0,33.77,9.06,27.690001,379.049988,179.21000700000005,1287.579956,328.589996,42.110001000000004,286.0,7.0,175.429993,13.23,0.65,2943.030029
4.0,30.0,2019.0,34.18,9.08,27.629999,377.690002,178.720001,1188.47998,333.329987,42.060001,289.910004,7.09,177.589996,13.29,0.56,2945.830078
5.0,1.0,2019.0,33.91,9.0,26.809999,376.799988,176.389999,1168.079956,331.850006,41.900002,289.309998,6.93,176.339996,13.22,0.56,2923.72998
5.0,2.0,2019.0,33.950001,8.78,28.290001,375.799988,174.570007,1162.609985,332.549988,42.560001,289.929993,6.76,177.03999299999995,12.82,0.53,2917.52002
5.0,3.0,2019.0,34.790001000000004,8.79,28.219999,376.459991,176.690002,1185.400024,334.070007,43.330002,292.040009,7.04,179.300003,12.87,0.56,2945.639893
5.0,6.0,2019.0,34.75,8.88,27.42,371.600006,175.360001,1189.390015,335.720001,42.130001,291.339996,7.28,180.610001,13.07,0.57,2932.469971
5.0,7.0,2019.0,33.91,8.6,26.66,357.230011,170.479996,1174.099976,330.899994,40.259997999999996,288.380005,7.34,178.470001,12.73,0.56,2884.050049
5.0,8.0,2019.0,33.75,8.59,27.09,359.75,168.28999299999995,1166.27002,334.179993,39.75,290.559998,7.38,178.929993,12.89,0.54,2879.419922
5.0,9.0,2019.0,33.950001,8.35,27.209999,354.130005,172.050003,1162.380005,339.359985,39.27,295.0,7.2,179.990005,12.81,0.5,2870.719971
5.0,10.0,2019.0,33.990002000000004,8.35,27.959999,354.670013,173.080002,1164.27002,341.350006,38.939999,300.799988,7.4,180.240005,12.84,0.51,2881.399902
5.0,13.0,2019.0,32.139999,8.02,26.24,337.369995,167.990005,1132.030029,335.369995,37.380001,295.480011,7.44,178.600006,12.68,0.49,2811.8701170000004
5.0,14.0,2019.0,32.34,8.38,27.32,343.040009,168.490005,1120.439941,336.170013,38.509997999999996,295.640015,7.47,177.880005,12.87,0.48,2834.409912
5.0,15.0,2019.0,32.16,8.68,27.58,345.640015,167.720001,1164.209961,334.149994,38.41,294.48999,7.65,177.279999,12.97,0.46,2850.959961
5.0,16.0,2019.0,32.32,8.89,28.01,353.809998,169.850006,1178.97998,339.390015,37.310001,304.709991,7.39,179.440002,13.14,0.45,2876.320068
5.0,17.0,2019.0,31.74,8.68,27.5,355.019989,166.369995,1162.300049,337.98999,36.060001,306.690002,7.04,177.070007,13.08,0.45,2859.530029
5.0,20.0,2019.0,30.959999,8.49,26.68,352.790009,169.28999299999995,1138.849976,342.01001,34.619999,314.579987,7.2,180.669998,13.15,0.43,2840.22998
5.0,21.0,2019.0,31.299999,8.66,27.35,358.75,171.449997,1149.630005,343.950012,35.639998999999996,316.23999,7.04,182.630005,13.13,0.43,2864.360107
5.0,22.0,2019.0,29.92,8.61,27.41,352.77999900000015,169.279999,1151.420044,341.299988,34.73,316.630005,6.67,180.529999,12.74,0.42,2856.27002
5.0,23.0,2019.0,29.5,8.25,26.360001,350.549988,163.580002,1140.77002,340.070007,33.82,311.089996,6.65,179.71000700000005,12.09,0.38,2822.23999
5.0,24.0,2019.0,29.17,8.31,26.440001,354.899994,164.029999,1133.469971,338.7799990000001,34.0,312.070007,7.11,180.0,12.23,0.35,2826.060059
5.0,28.0,2019.0,28.73,8.33,29.049999,354.880005,163.660004,1134.150024,337.890015,32.939999,308.230011,7.14,178.550003,12.23,0.39,2802.389893
5.0,29.0,2019.0,28.41,8.12,28.09,348.799988,162.309998,1116.459961,339.339996,33.290001000000004,306.01001,7.06,177.550003,12.24,0.44,2783.02002
5.0,30.0,2019.0,28.17,8.0,28.030001,349.869995,162.229996,1117.949951,341.959991,33.32,309.809998,6.97,176.440002,11.76,0.46,2788.860107
5.0,31.0,2019.0,27.23,7.59,27.41,341.609985,160.820007,1103.630005,338.540009,32.610001000000004,303.25,6.87,174.5,11.1,0.45,2752.060059
6.0,3.0,2019.0,27.200001,7.16,27.58,338.890015,163.149994,1036.22998,344.570007,32.689999,306.940002,6.82,176.199997,10.99,0.42,2744.449951
6.0,4.0,2019.0,29.120001,7.87,29.57,344.619995,167.779999,1053.050049,349.350006,34.490002000000004,312.269989,6.88,179.059998,11.16,0.42,2803.27002
6.0,5.0,2019.0,30.360001,7.73,29.5,348.75,171.940002,1042.219971,352.700012,33.34,316.769989,6.88,182.330002,10.77,0.4,2826.149902
6.0,6.0,2019.0,30.379999,7.53,31.82,350.640015,171.979996,1044.339966,352.519989,33.470001,314.820007,6.89,183.619995,11.06,0.39,2843.48999
6.0,7.0,2019.0,30.92,7.64,32.41,353.700012,173.970001,1066.040039,355.230011,33.990002000000004,318.290009,6.9,185.910004,11.23,0.39,2873.340088
6.0,10.0,2019.0,30.76,7.94,33.23,353.799988,173.389999,1080.380005,351.600006,34.939999,311.309998,6.89,187.190002,11.11,0.39,2886.72998
6.0,11.0,2019.0,30.58,7.78,32.41,349.329987,169.729996,1078.719971,344.040009,34.84,300.730011,6.7,177.619995,11.11,0.4,2885.719971
6.0,12.0,2019.0,31.1,7.75,32.18,347.02999900000015,170.03999299999995,1077.030029,345.51001,32.959998999999996,304.850006,6.79,177.0,10.64,0.39,2879.840088
6.0,13.0,2019.0,33.09,7.57,31.389999,348.859985,171.940002,1088.77002,349.079987,33.380001,307.630005,6.72,177.119995,10.88,0.37,2891.639893
6.0,14.0,2019.0,32.68,7.56,30.360001,347.160004,171.25,1085.349976,350.140015,32.66,309.429993,6.66,177.350006,10.94,0.37,2886.97998
6.0,17.0,2019.0,32.560001,7.6,29.200001,354.899994,171.779999,1092.5,348.690002,32.43,309.470001,6.79,179.809998,10.81,0.37,2889.669922
6.0,18.0,2019.0,32.52,7.56,30.450001,373.959991,173.589996,1103.599976,353.519989,34.290001000000004,313.190002,6.75,179.990005,11.25,0.39,2917.75
6.0,19.0,2019.0,33.209999,7.48,30.5,368.559998,173.619995,1102.329956,355.730011,33.939999,315.190002,6.74,179.080002,11.33,0.38,2926.459961
6.0,20.0,2019.0,32.150002,7.44,30.01,374.880005,177.96000700000005,1111.420044,362.799988,34.150002,323.820007,6.84,182.139999,11.85,0.4,2954.179932
6.0,21.0,2019.0,31.57,7.3,29.1,371.839996,177.429993,1121.880005,359.359985,33.25,322.160004,6.7,183.130005,11.97,0.4,2950.459961
6.0,24.0,2019.0,31.82,7.51,29.26,373.98999,177.820007,1115.52002,359.980011,33.189999,321.480011,6.81,184.020004,12.01,0.38,2945.350098
6.0,25.0,2019.0,31.26,7.46,28.860001,369.320007,177.639999,1086.349976,360.559998,32.68,321.149994,6.67,179.770004,12.0,0.36,2917.3798829999996
6.0,26.0,2019.0,31.459999,7.63,29.92,374.940002,178.899994,1079.800049,359.5,37.040001000000004,318.700012,6.85,178.720001,12.29,0.36,2913.780029
6.0,27.0,2019.0,32.150002,7.83,30.74,364.019989,177.720001,1076.01001,359.089996,38.07,318.2799990000001,6.87,178.059998,12.29,0.35,2924.919922
6.0,28.0,2019.0,32.610001000000004,7.82,30.370001,364.01001,181.820007,1080.910034,363.540009,38.59,323.109985,7.08,173.880005,12.04,0.33,2941.76001
7.0,1.0,2019.0,32.880001,7.83,31.200001,356.459991,182.539993,1097.949951,361.470001,40.110001000000004,318.540009,7.07,171.029999,12.28,0.36,2964.330078
7.0,2.0,2019.0,32.189999,7.63,31.24,354.160004,183.570007,1111.25,367.570007,39.599998,323.690002,6.9,172.800003,11.7,0.33,2973.01001
7.0,3.0,2019.0,32.720001,7.68,31.190001,354.47000099999997,182.649994,1121.579956,370.380005,39.59,325.25,7.15,173.449997,11.77,0.34,2995.820068
7.0,5.0,2019.0,32.459999,7.54,31.5,355.859985,182.279999,1131.589966,369.920013,39.419998,325.200012,7.3,173.649994,11.95,0.33,2990.409912
7.0,8.0,2019.0,32.790001000000004,7.44,32.040001000000004,351.119995,181.470001,1116.349976,369.179993,40.41,323.98999,7.3,173.770004,11.93,0.37,2975.949951
7.0,9.0,2019.0,32.360001000000004,7.34,33.150002,353.089996,180.830002,1124.829956,369.730011,41.349998,325.809998,7.17,174.940002,12.04,0.36,2979.6298829999996
7.0,10.0,2019.0,32.939999,7.39,33.790001000000004,352.299988,182.539993,1140.47998,368.160004,42.900002,324.059998,7.2,177.0,12.53,0.36,2993.070068
7.0,11.0,2019.0,33.029999,7.18,33.060001,359.0,183.600006,1144.209961,368.230011,43.48,324.929993,7.15,178.080002,12.55,0.38,2999.909912
7.0,12.0,2019.0,33.779999,6.77,33.209999,365.329987,185.839996,1144.900024,369.450012,44.509997999999996,329.5299990000001,7.15,179.139999,12.52,0.4,3013.77002
7.0,15.0,2019.0,33.610001000000004,7.01,34.389999,361.609985,186.399994,1150.339966,367.690002,44.400002,325.269989,7.23,178.130005,12.3,0.35,3014.300049
7.0,16.0,2019.0,34.220001,7.16,33.849998,362.75,186.889999,1153.579956,365.350006,43.060001,323.829987,7.2,180.059998,12.07,0.35,3004.040039
7.0,17.0,2019.0,33.259998,7.41,33.599998,369.519989,183.550003,1146.349976,358.470001,43.369999,322.0,7.3,178.25,11.75,0.37,2984.419922
7.0,18.0,2019.0,33.740002000000004,6.95,33.0,361.109985,183.179993,1146.329956,356.209991,44.669998,321.140015,7.3,176.089996,11.56,0.35,2995.110107
7.0,19.0,2019.0,33.080002,6.84,32.509998,377.359985,183.850006,1130.099976,356.959991,45.52,322.160004,7.37,178.570007,11.67,0.34,2976.610107
7.0,22.0,2019.0,32.900002,6.73,32.849998,373.420013,184.619995,1138.069946,357.630005,47.189999,323.200012,7.45,180.559998,11.68,0.33,2985.030029
7.0,23.0,2019.0,33.73,6.66,33.490002000000004,373.070007,185.970001,1146.209961,357.799988,46.950001,323.98999,7.23,181.320007,11.81,0.34,3005.469971
7.0,24.0,2019.0,34.59,6.55,34.110001000000004,361.429993,187.639999,1137.810059,368.899994,47.990002000000004,342.970001,7.34,184.190002,11.59,0.34,3019.560059
7.0,25.0,2019.0,31.67,6.49,33.669998,348.089996,187.610001,1132.119995,370.320007,47.77,354.720001,7.25,192.630005,11.6,0.33,3003.669922
7.0,26.0,2019.0,31.24,6.41,34.02,345.0,189.729996,1250.410034,369.459991,47.490002000000004,352.519989,7.27,189.789993,11.65,0.33,3025.860107
7.0,29.0,2019.0,30.74,6.21,33.48,340.209991,189.830002,1239.410034,369.619995,46.82,355.429993,7.16,189.679993,11.82,0.33,3020.969971
7.0,30.0,2019.0,30.709999,6.25,33.869999,347.459991,189.119995,1225.140015,365.98999,47.459998999999996,352.910004,7.26,186.020004,12.08,0.34,3013.179932
7.0,31.0,2019.0,30.51,6.25,30.450001,341.179993,185.940002,1216.680054,362.170013,44.889998999999996,345.570007,7.18,182.289993,12.04,0.33,2980.3798829999996
8.0,1.0,2019.0,29.84,5.85,29.860001,334.290009,183.429993,1209.01001,363.089996,43.599998,345.019989,7.47,179.580002,11.31,0.33,2953.560059
8.0,2.0,2019.0,29.450001,6.33,29.440001,339.559998,181.970001,1193.98999,361.910004,44.080002,341.160004,7.43,179.270004,11.48,0.33,2932.050049
8.0,5.0,2019.0,28.530001,6.19,27.99,331.059998,176.770004,1152.319946,358.429993,41.939999,342.809998,7.38,180.149994,11.37,0.33,2844.73999
8.0,6.0,2019.0,28.360001,6.83,28.860001,332.450012,180.669998,1169.949951,366.779999,42.619999,354.25,7.39,184.830002,11.14,0.33,2881.77002
8.0,7.0,2019.0,28.629999,6.62,29.190001,331.380005,180.850006,1173.98999,369.299988,41.75,361.420013,7.4,184.539993,10.84,0.34,2883.97998
8.0,8.0,2019.0,29.08,6.64,33.919998,336.350006,184.169998,1204.800049,377.170013,42.630001,368.959991,7.47,188.259995,10.96,0.34,2938.090088
8.0,9.0,2019.0,28.780001,6.54,34.189999,337.549988,184.100006,1188.01001,377.01001,41.52,370.540009,7.5,186.850006,11.28,0.35,2918.649902
8.0,12.0,2019.0,27.639999,6.59,32.43,332.940002,181.320007,1174.709961,377.0,42.130001,373.209991,7.46,183.539993,11.36,0.36,2882.699951
8.0,13.0,2019.0,27.51,6.66,32.110001000000004,332.859985,183.110001,1197.27002,377.220001,44.169998,370.660004,7.45,183.600006,11.87,0.35,2926.320068
8.0,14.0,2019.0,26.1,6.09,30.24,320.420013,180.830002,1164.290039,368.940002,42.040001000000004,361.420013,7.48,178.46000700000005,11.44,0.34,2840.600098
8.0,15.0,2019.0,25.41,5.67,29.67,328.0,182.220001,1167.26001,373.459991,42.240002000000004,365.220001,6.9,178.520004,11.35,0.34,2847.600098
8.0,16.0,2019.0,25.790001,5.99,31.18,330.450012,184.350006,1177.599976,377.0,43.549999,367.910004,6.84,178.190002,11.4,0.33,2888.679932
8.0,19.0,2019.0,26.1,5.84,31.48,333.7799990000001,187.589996,1198.449951,380.470001,45.009997999999996,370.079987,6.94,179.190002,11.66,0.34,2923.649902
8.0,20.0,2019.0,25.83,5.93,30.719999,331.75,187.169998,1182.689941,381.75,44.23,369.01001,6.93,185.440002,11.63,0.34,2900.51001
8.0,21.0,2019.0,26.42,5.84,31.700001,339.98999,188.479996,1191.25,383.0,44.169998,369.140015,6.74,185.070007,11.61,0.33,2924.429932
8.0,22.0,2019.0,26.530001,5.79,31.9,354.410004,187.550003,1189.530029,385.880005,44.779999,372.019989,6.5,186.979996,11.53,0.32,2922.949951
8.0,23.0,2019.0,25.42,5.64,29.540001,356.01001,183.550003,1151.290039,376.890015,42.959998999999996,361.5,6.51,180.529999,11.19,0.32,2847.110107
8.0,26.0,2019.0,25.190001,5.8,30.280001,359.040009,184.649994,1168.890015,380.320007,43.43,366.649994,6.58,181.710007,11.18,0.34,2878.3798829999996
8.0,27.0,2019.0,24.450001,5.57,30.200001,354.730011,183.360001,1167.839966,379.98999,42.439999,364.179993,6.7,178.389999,11.42,0.31,2869.159912
8.0,28.0,2019.0,25.33,5.58,30.780001,359.97000099999997,185.440002,1171.02002,380.970001,43.150002,363.899994,6.91,179.419998,11.64,0.29,2887.939941
8.0,29.0,2019.0,26.32,5.55,31.450001,362.73999,189.470001,1192.849976,384.429993,44.669998,367.929993,6.78,182.729996,11.78,0.27,2924.580078
8.0,30.0,2019.0,26.309999,5.5,31.450001,364.089996,191.270004,1188.099976,384.109985,45.27,367.869995,6.74,185.320007,11.46,0.26,2926.459961
9.0,3.0,2019.0,26.51,5.67,30.9,354.420013,189.279999,1168.390015,384.690002,44.990002000000004,366.230011,6.6,182.089996,11.22,0.28,2906.27002
9.0,4.0,2019.0,27.0,5.59,30.950001,356.52999900000015,190.710007,1181.410034,389.079987,46.810001,372.059998,6.74,183.399994,11.71,0.29,2937.780029
9.0,5.0,2019.0,27.690001,5.86,31.5,360.299988,192.270004,1211.380005,385.149994,49.029999,368.429993,6.8,185.270004,11.7,0.29,2976.0
9.0,6.0,2019.0,27.790001,6.08,30.559999,363.0,192.669998,1204.930054,386.559998,48.970001,367.769989,6.5,190.460007,11.77,0.28,2978.709961
9.0,9.0,2019.0,28.440001,6.01,30.5,358.77999900000015,188.070007,1204.410034,380.209991,49.130001,355.829987,6.45,189.410004,12.08,0.28,2978.429932
9.0,10.0,2019.0,29.120001,6.28,30.23,369.48999,187.869995,1206.0,381.320007,49.389998999999996,355.089996,6.4,192.970001,11.98,0.32,2979.389893
9.0,11.0,2019.0,29.76,6.49,29.76,382.940002,188.600006,1220.170044,381.549988,50.48,358.850006,6.4,193.119995,11.68,0.31,3000.929932
9.0,12.0,2019.0,29.940001,5.89,30.209999,375.630005,189.410004,1234.25,386.630005,50.439999,365.220001,6.37,197.449997,11.47,0.31,3009.570068
9.0,13.0,2019.0,29.950001,5.95,30.690001,379.76001,189.960007,1239.560059,384.859985,50.5,363.679993,6.41,198.720001,11.44,0.28,3007.389893
9.0,16.0,2019.0,27.77,5.45,30.83,378.850006,190.970001,1231.300049,392.660004,50.150002,371.429993,6.5,204.059998,12.83,0.32,2997.959961
9.0,17.0,2019.0,28.639999,5.27,30.99,384.200012,191.309998,1229.150024,393.980011,50.84,374.470001,6.28,201.009995,12.29,0.31,3005.699951
9.0,18.0,2019.0,28.6,5.27,30.42,386.410004,190.300003,1232.410034,397.040009,50.48,377.420013,6.3,200.309998,12.1,0.31,3006.72998
9.0,19.0,2019.0,28.299999,5.16,30.290001,384.440002,188.130005,1238.709961,393.429993,49.82,375.579987,6.1,199.330002,12.19,0.31,3006.790039
9.0,20.0,2019.0,27.99,5.02,30.049999,379.390015,187.369995,1229.930054,388.25,49.16,368.179993,6.07,194.929993,12.2,0.3,2992.070068
9.0,23.0,2019.0,27.5,5.08,30.639999,377.02999900000003,186.789993,1234.030029,387.670013,49.599998,369.130005,6.0,196.740005,12.21,0.29,2991.780029
9.0,24.0,2019.0,27.0,4.76,29.52,381.649994,184.699997,1218.76001,389.170013,48.509997999999996,369.51001,6.06,195.639999,11.9,0.29,2966.600098
9.0,25.0,2019.0,27.440001,4.76,29.540001,386.200012,186.0,1246.52002,390.429993,49.470001,375.01001,6.2,197.460007,11.8,0.27,2984.8701170000004
9.0,26.0,2019.0,27.190001,4.74,29.469999,386.890015,186.0,1241.390015,392.920013,48.599998,382.149994,6.2,197.929993,11.8,0.26,2977.6201170000004
9.0,27.0,2019.0,27.01,4.62,28.719999,382.859985,183.020004,1225.089966,387.869995,43.209998999999996,371.179993,6.15,195.520004,11.66,0.26,2961.790039
9.0,30.0,2019.0,26.969999,4.39,28.99,380.47000099999997,182.729996,1219.0,390.059998,42.849998,374.790009,6.09,196.190002,11.34,0.25,2976.73999
10.0,1.0,2019.0,26.799999,4.12,28.76,374.940002,178.71000700000005,1205.099976,384.190002,42.299999,367.790009,6.0,192.130005,11.19,0.25,2940.25
10.0,2.0,2019.0,25.370001,4.15,28.309999,367.359985,174.410004,1176.630005,378.160004,41.98,362.5,6.08,191.279999,10.98,0.25,2887.610107
10.0,3.0,2019.0,25.27,4.51,28.68,372.070007,174.880005,1187.829956,380.059998,43.459998999999996,364.329987,6.11,193.740005,10.93,0.23,2910.6298829999996
10.0,4.0,2019.0,25.83,4.4,29.01,375.700012,176.639999,1209.0,384.950012,44.549999,368.980011,6.07,194.449997,11.04,0.22,2952.01001
10.0,7.0,2019.0,25.83,4.11,28.93,376.540009,176.699997,1207.680054,383.779999,44.16,367.920013,5.94,193.979996,11.04,0.23,2938.790039
10.0,8.0,2019.0,26.26,4.15,28.23,374.100006,176.5,1189.130005,382.119995,42.639998999999996,368.440002,5.97,192.220001,10.89,0.22,2893.060059
10.0,9.0,2019.0,27.07,4.11,28.459999,374.959991,177.050003,1202.310059,384.609985,42.880001,367.630005,5.81,196.119995,10.99,0.22,2919.399902
10.0,10.0,2019.0,27.18,3.72,28.379999,371.0,176.690002,1208.670044,386.880005,43.279999,368.75,5.93,198.610001,11.19,0.23,2938.1298829999996
10.0,11.0,2019.0,27.360001,3.68,29.75,374.920013,179.630005,1215.449951,381.470001,45.099998,362.220001,5.88,198.720001,11.42,0.24,2970.27002
10.0,14.0,2019.0,27.620001,3.51,30.530001,373.179993,179.119995,1217.140015,382.609985,44.860001000000004,366.420013,5.91,199.380005,11.18,0.25,2966.149902
10.0,15.0,2019.0,28.27,3.76,30.719999,370.959991,178.449997,1243.01001,382.75,46.459998999999996,361.940002,5.85,199.429993,11.06,0.25,2995.679932
10.0,16.0,2019.0,28.049999,3.61,30.809999,372.429993,178.28999299999995,1243.640015,382.839996,45.16,364.690002,5.71,200.380005,11.14,0.22,2989.689941
10.0,17.0,2019.0,27.93,3.89,31.139999,369.059998,176.759995,1253.069946,377.059998,45.5,356.269989,5.75,199.350006,11.28,0.22,2997.949951
10.0,18.0,2019.0,28.219999,3.68,30.969999,344.0,174.429993,1245.48999,372.480011,43.470001,349.619995,5.81,199.75,11.22,0.22,2986.199951
10.0,21.0,2019.0,28.620001,3.69,32.029999,331.059998,175.449997,1246.150024,374.049988,45.220001,350.390015,5.81,202.240005,11.21,0.22,3006.719971
10.0,22.0,2019.0,28.26,3.58,31.51,337.0,179.880005,1242.800049,373.679993,44.66,352.380005,5.97,204.710007,11.34,0.23,2995.98999
10.0,23.0,2019.0,28.290001,3.67,31.360001,340.5,173.559998,1259.130005,373.089996,44.66,353.200012,6.11,203.550003,11.65,0.23,3004.52002
10.0,24.0,2019.0,29.41,3.72,31.719999,344.549988,174.669998,1260.98999,374.73999,47.099998,356.910004,6.2,211.210007,11.73,0.22,3010.290039
10.0,25.0,2019.0,30.860001,3.8,32.709999,339.829987,173.53999299999995,1265.130005,370.730011,48.029999,345.0,6.09,212.149994,11.83,0.21,3022.550049
10.0,28.0,2019.0,31.360001,3.69,33.689999,340.880005,174.929993,1290.0,371.839996,48.689999,346.52999900000015,6.3,211.610001,11.65,0.2,3039.419922
10.0,29.0,2019.0,30.92,3.6,33.029999,348.929993,176.029999,1262.619995,371.100006,48.110001000000004,347.170013,6.22,211.649994,11.58,0.2,3036.889893
10.0,30.0,2019.0,30.290001,3.61,33.130001,346.059998,178.240005,1261.290039,378.640015,47.880001,354.079987,6.1,214.320007,11.47,0.21,3046.77002
10.0,31.0,2019.0,30.059999,3.59,33.93,339.910004,176.800003,1260.109985,376.679993,47.549999,352.480011,6.12,212.210007,11.3,0.21,3037.560059
11.0,1.0,2019.0,30.559999,3.58,34.889999,345.190002,179.729996,1273.73999,379.170013,48.380001,352.130005,6.16,216.089996,11.69,0.22,3066.909912
11.0,4.0,2019.0,30.950001,3.6,36.290001,351.089996,178.070007,1291.369995,374.480011,49.59,340.670013,6.05,214.339996,11.81,0.24,3078.27002
11.0,5.0,2019.0,31.18,3.76,36.150002,358.290009,179.300003,1292.030029,373.630005,48.68,337.850006,6.13,213.089996,11.93,0.21,3074.6201170000004
11.0,6.0,2019.0,30.959999,3.73,35.93,354.190002,181.570007,1291.800049,379.790009,47.68,344.019989,6.11,215.330002,11.81,0.2,3076.780029
11.0,7.0,2019.0,30.889999,3.58,36.279999,357.309998,182.949997,1308.859985,378.75,48.400002,343.429993,6.11,215.0,11.88,0.21,3085.179932
11.0,8.0,2019.0,30.76,3.81,36.290001,351.0,185.080002,1311.369995,381.859985,47.189999,350.109985,6.24,215.839996,11.99,0.21,3093.080078
11.0,11.0,2019.0,30.59,3.62,36.310001,366.959991,184.350006,1299.189941,381.380005,46.259997999999996,350.0,6.2,216.0,11.89,0.21,3087.01001
11.0,12.0,2019.0,29.52,3.57,36.709999,362.880005,185.279999,1298.800049,386.299988,46.900002,351.690002,6.16,216.880005,11.87,0.21,3091.840088
11.0,13.0,2019.0,28.66,3.55,37.52,362.5,184.720001,1298.0,387.690002,46.299999,353.720001,6.0,215.369995,11.96,0.21,3094.040039
11.0,14.0,2019.0,28.77,3.29,38.349998,367.440002,185.190002,1311.459961,390.160004,46.799999,355.690002,5.7,216.699997,11.91,0.19,3096.6298829999996
11.0,15.0,2019.0,28.860001,2.73,38.560001,371.679993,187.080002,1334.869995,393.549988,47.709998999999996,356.660004,5.99,218.880005,12.08,0.16,3120.459961
11.0,18.0,2019.0,28.6,2.28,39.880001,369.459991,186.580002,1320.699951,392.76001,47.82,356.700012,5.76,219.289993,11.9,0.15,3122.030029
11.0,19.0,2019.0,29.290001,2.34,41.290001,367.0,184.949997,1315.459961,390.809998,46.580002,353.540009,5.68,218.089996,11.57,0.16,3120.179932
11.0,20.0,2019.0,28.23,2.64,40.98,370.910004,184.330002,1303.050049,392.700012,45.57,353.0,5.6,217.070007,11.9,0.2,3108.459961
11.0,21.0,2019.0,27.93,3.12,39.52,366.440002,182.949997,1301.349976,390.26001,45.549999,348.220001,5.84,215.809998,12.2,0.2,3103.540039
11.0,22.0,2019.0,28.68,2.7,39.150002,371.339996,182.880005,1295.339966,390.73999,45.869999,349.160004,5.69,216.399994,12.11,0.2,3110.290039
11.0,25.0,2019.0,28.99,2.52,39.790001,373.130005,182.660004,1306.689941,389.980011,47.52,349.75,5.78,216.289993,12.11,0.19,3133.639893
11.0,26.0,2019.0,29.049999,2.39,38.990002,373.51001,182.020004,1313.550049,392.5,46.720001,353.850006,5.69,217.110001,12.19,0.17,3140.52002
11.0,27.0,2019.0,28.950001,2.52,39.41,368.0,182.350006,1312.98999,394.23999,48.16,352.880005,5.56,218.539993,12.14,0.16,3153.6298829999996
11.0,29.0,2019.0,28.74,2.5,39.150002,366.179993,181.740005,1304.959961,391.029999,47.509997999999996,351.769989,5.82,217.419998,11.62,0.18,3140.97998
12.0,2.0,2019.0,28.08,2.44,38.73,355.179993,177.990005,1289.920044,383.619995,46.389998999999996,341.730011,5.83,214.059998,11.67,0.18,3113.8701170000004
12.0,3.0,2019.0,27.290001,2.47,38.900002,352.079987,177.03999299999995,1295.280029,381.619995,45.23,343.149994,5.7,213.770004,11.76,0.18,3093.199951
12.0,4.0,2019.0,27.379999,2.48,39.689999,348.839996,178.080002,1320.540039,384.579987,46.299999,343.209991,5.76,214.860001,12.19,0.17,3112.76001
12.0,5.0,2019.0,27.24,2.44,39.619999,345.679993,182.369995,1328.130005,385.940002,46.619999,344.410004,5.61,214.889999,12.19,0.16,3117.429932
12.0,6.0,2019.0,27.73,2.43,39.630001,354.089996,183.550003,1340.619995,386.859985,47.93,344.76001,5.62,217.210007,12.32,0.15,3145.909912
12.0,9.0,2019.0,27.49,2.62,38.93,351.209991,183.169998,1343.560059,383.339996,46.450001,343.049988,5.65,216.52999900000003,12.33,0.16,3135.959961
12.0,10.0,2019.0,27.0,2.52,39.439999,347.899994,180.479996,1344.660034,384.440002,47.459998999999996,344.480011,5.56,216.52999900000003,12.39,0.16,3132.52002
12.0,11.0,2019.0,26.860001,2.45,39.470001,350.0,179.270004,1345.02002,386.23999,49.259997999999996,348.709991,5.6,217.820007,12.3,0.16,3141.6298829999996
12.0,12.0,2019.0,27.719999,2.6,42.59,346.290009,180.470001,1350.27002,384.049988,50.970001,345.899994,5.56,218.190002,12.37,0.17,3168.570068
12.0,13.0,2019.0,27.48,2.63,41.150002,341.670013,179.029999,1347.829956,386.470001,51.200001,344.649994,5.54,217.399994,12.49,0.15,3168.800049
12.0,16.0,2019.0,27.92,2.54,42.349998,327.0,180.589996,1361.170044,385.950012,52.939999,344.690002,5.49,219.289993,12.59,0.14,3191.449951
12.0,17.0,2019.0,28.280001,2.35,42.77,327.0,181.100006,1355.119995,386.890015,53.0,345.839996,5.49,217.789993,12.72,0.13,3192.52002
12.0,18.0,2019.0,28.0,2.19,42.299999,330.679993,178.46000700000005,1352.619995,380.570007,53.040001000000004,338.700012,5.35,214.160004,12.74,0.13,3191.139893
12.0,19.0,2019.0,28.549999,2.27,42.830002,333.5,178.649994,1356.040039,383.149994,54.529999,342.209991,5.43,216.110001,12.78,0.19,3205.3701170000004
12.0,20.0,2019.0,29.040001,2.25,44.150002,328.0,178.330002,1349.589966,386.470001,55.060001,345.910004,5.39,217.399994,12.63,0.17,3221.219971
12.0,23.0,2019.0,29.299999,2.01,45.459999,337.549988,179.740005,1348.839966,391.899994,55.400002,348.119995,5.37,219.869995,12.7,0.19,3224.01001
12.0,24.0,2019.0,29.18,1.99,46.540001,333.0,178.820007,1343.560059,390.170013,55.419998,347.079987,5.66,219.350006,12.77,0.19,3223.3798829999996
12.0,26.0,2019.0,29.67,2.0,46.630001,329.920013,178.190002,1360.400024,392.299988,55.110001000000004,347.959991,5.86,221.020004,12.89,0.18,3239.909912
12.0,27.0,2019.0,28.440001,1.91,46.18,330.140015,177.490005,1351.890015,393.600006,54.029999,346.440002,5.76,220.960007,12.91,0.17,3240.02002
12.0,30.0,2019.0,28.299999,1.91,45.52,326.399994,176.009995,1336.140015,391.899994,53.209998999999996,349.070007,5.91,220.190002,12.89,0.16,3221.290039
12.0,31.0,2019.0,28.68,2.16,45.860001,325.76001,176.350006,1337.02002,389.380005,53.779999,343.970001,5.91,219.740005,12.81,0.17,3230.780029
1.0,2.0,2020.0,29.09,2.02,49.099998,333.320007,178.429993,1367.369995,399.369995,55.389998999999996,355.700012,5.93,224.479996,12.81,0.18,3257.850098
1.0,3.0,2020.0,27.65,2.0,48.599998,332.76001,180.179993,1360.660034,413.73999,54.529999,375.01001,5.85,227.809998,13.18,0.22,3234.850098
1.0,6.0,2020.0,27.32,1.9,48.389999,333.73999,182.089996,1394.209961,413.109985,53.57,375.829987,5.83,227.52999900000003,13.16,0.52,3246.280029
1.0,7.0,2020.0,27.219999,1.83,48.25,337.2799990000001,180.020004,1393.339966,414.5,58.27,374.970001,5.8,226.539993,13.13,0.39,3237.179932
1.0,8.0,2020.0,27.84,1.74,47.830002,331.369995,180.479996,1404.319946,411.029999,57.52,370.290009,5.71,227.399994,12.66,0.29,3253.050049
1.0,9.0,2020.0,27.950001,1.86,48.970001,336.339996,181.610001,1419.829956,414.929993,57.310001,372.359985,5.63,228.649994,12.49,0.27,3274.699951
